cohort,upi,status,surv_time,karyotype,chr3_status_cat,chr3_status,chr3_abn,MECOM_R,MECOM_R_variant,MECOM,MECOM_zscore,type
TCGA et al. (LAML),TCGA-AB-2803,1,2.14,"46,XX,t(15;17)(q22:q21)[15]",Chr3-WT,Chr3-WT,no,no,no alteration,0.09315448790708296,-0.2563732815117179,mRNA
TCGA et al. (LAML),TCGA-AB-2805,1,1.54,"46, XY[20]",Chr3-WT,Chr3-WT,no,no,no alteration,0.022616379067348553,-0.3191396081146335,mRNA
TCGA et al. (LAML),TCGA-AB-2806,1,2.55,"45,X,-Y, t(8;7;21)(q22;p15;q22[22]/46,XY[3]",Chr3-WT,Chr3-WT,no,no,no alteration,0,-0.3392641487135573,mRNA
TCGA et al. (LAML),TCGA-AB-2807,1,0.41,"47,XX,+21[24]",Chr3-WT,Chr3-WT,no,no,no alteration,0.2926639733968575,-0.07884544964026186,mRNA
TCGA et al. (LAML),TCGA-AB-2808,0,9.84,"47,XXY [17]",Chr3-WT,Chr3-WT,no,no,no alteration,0.06253621989538932,-0.28361807502332126,mRNA
TCGA et al. (LAML),TCGA-AB-2810,1,0.11,NA,NA,NA,NA,no,no alteration,0,-0.3392641487135573,mRNA
TCGA et al. (LAML),TCGA-AB-2811,1,0.68,"46, XY[20]",Chr3-WT,Chr3-WT,no,no,no alteration,0,-0.3392641487135573,mRNA
TCGA et al. (LAML),TCGA-AB-2812,1,0.96,"46, XX[20]",Chr3-WT,Chr3-WT,no,no,no alteration,0,-0.3392641487135573,mRNA
TCGA et al. (LAML),TCGA-AB-2813,1,0.11,"44-45,X,-Y,-5,add(16)(q22),-17,-18,iso(21),+mars[cp5]/82-84,XX,-Y,-3,-4,-11,-12,-19,-21,+21[cp5}",Del(3),Chr3-abn,yes,no,no alteration,0.0922074380970889,-0.257215986804801,mRNA
TCGA et al. (LAML),TCGA-AB-2814,1,2.19,"46,XX,del(5)(q22q33)[4]/46,XX[16]",Chr3-WT,Chr3-WT,no,no,no alteration,0,-0.3392641487135573,mRNA
TCGA et al. (LAML),TCGA-AB-2815,1,2.19,"46,XY,inv(16)(p13q22)[17]/46,XY[3]",Chr3-WT,Chr3-WT,no,no,no alteration,0.038717107572853585,-0.30481283354491134,mRNA
TCGA et al. (LAML),TCGA-AB-2816,1,0.62,"46,XX[20]",Chr3-WT,Chr3-WT,no,no,no alteration,0,-0.3392641487135573,mRNA
TCGA et al. (LAML),TCGA-AB-2817,1,0.78,"45,XY,-7, t(9;22)(q34;q11.20) [19]/46,XY[1]",Chr3-WT,Chr3-WT,no,no,no alteration,3.3628906426658602,2.653108284846129,mRNA
TCGA et al. (LAML),TCGA-AB-2818,1,0.85,"46,XX[19]/46,XX,add(7)(p?22)[1]",Chr3-WT,Chr3-WT,no,no,no alteration,0.017066724189833377,-0.3240778104042214,mRNA
TCGA et al. (LAML),TCGA-AB-2819,0,7.97,"46,XX,t(8;21)(q22;q22)[17]/46,XX[3]",Chr3-WT,Chr3-WT,no,no,no alteration,0.10675031506086766,-0.24427542204811772,mRNA
TCGA et al. (LAML),TCGA-AB-2820,1,0.02,"53~56,XY,+1,del(2)(q33q34),+8,+10,+11x2,+13x1-2,+14,del(17)(p11.2),+19,add(21)(q22),+22[cp20]",Chr3-WT,Chr3-WT,no,no,no alteration,0.07710624410597862,-0.2706533540624569,mRNA
TCGA et al. (LAML),TCGA-AB-2821,1,2.28,"47,XY,+8 [10]/46,XY [10]",Chr3-WT,Chr3-WT,no,no,no alteration,0.05921681655379864,-0.28657175152092146,mRNA
TCGA et al. (LAML),TCGA-AB-2822,1,2.69,"47,XY,+8 [20]",Chr3-WT,Chr3-WT,no,no,no alteration,0.017636903049498446,-0.3235704529896765,mRNA
TCGA et al. (LAML),TCGA-AB-2823,1,0.02,"47,XX,t(15;17)(q22:q21)+mar[20]",Chr3-WT,Chr3-WT,no,no,no alteration,0.02814476771337868,-0.31422032897528246,mRNA
TCGA et al. (LAML),TCGA-AB-2824,1,0.02,"46, XY[20]",Chr3-WT,Chr3-WT,no,no,no alteration,0,-0.3392641487135573,mRNA
TCGA et al. (LAML),TCGA-AB-2825,1,0.62,"46, XX[20]",Chr3-WT,Chr3-WT,no,no,no alteration,0.00417776078910997,-0.33554668729488063,mRNA
TCGA et al. (LAML),TCGA-AB-2826,1,2.01,"46, XX[20]",Chr3-WT,Chr3-WT,no,no,no alteration,0,-0.3392641487135573,mRNA
TCGA et al. (LAML),TCGA-AB-2828,0,8.33,"46,XY,t(2;4)(q34;q21)inv(16)(p13q22) [20]",Chr3-WT,Chr3-WT,no,no,no alteration,0.022900402110078828,-0.31888687830154383,mRNA
TCGA et al. (LAML),TCGA-AB-2830,1,0.67,"47,XX,i(11)(q10)[18]/46,XX [2]",Chr3-WT,Chr3-WT,no,no,no alteration,0.016353683577834812,-0.32471228927911633,mRNA
TCGA et al. (LAML),TCGA-AB-2832,1,0.98,"45,X,-X[21]/46,XX[9]",Chr3-WT,Chr3-WT,no,no,no alteration,0.06364099264269589,-0.28263502446781236,mRNA
TCGA et al. (LAML),TCGA-AB-2833,1,1.32,"46, XY[18]",Chr3-WT,Chr3-WT,no,no,no alteration,0,-0.3392641487135573,mRNA
TCGA et al. (LAML),TCGA-AB-2834,1,0.64,"46,XY,t(11;19)(q23;p13)[17]/46,XY,t(11;19)(q23;p13),inv(12)(p12p13)[3]",Chr3-WT,Chr3-WT,no,no,no alteration,4.506646368837183,3.670846733518358,mRNA
TCGA et al. (LAML),TCGA-AB-2835,0,6.44,"46, XY[20]",Chr3-WT,Chr3-WT,no,no,no alteration,0.047957107396655034,-0.2965908829384767,mRNA
TCGA et al. (LAML),TCGA-AB-2836,1,1.42,"46, XY[20]",Chr3-WT,Chr3-WT,no,no,no alteration,0,-0.3392641487135573,mRNA
TCGA et al. (LAML),TCGA-AB-2837,1,0.06,"46, XX[20]",Chr3-WT,Chr3-WT,no,no,no alteration,0.008056554871058458,-0.33209525288336017,mRNA
TCGA et al. (LAML),TCGA-AB-2838,1,1.03,"46,XY,del(5)(q11.2q31),-7,+8,+11,add(11)(q23),der(16;17)(q10;q10)[18]/51,idem,+1,+5,+8,+10,+21 [2]",Chr3-WT,Chr3-WT,no,no,no alteration,0.07778988864366763,-0.27004503244682665,mRNA
TCGA et al. (LAML),TCGA-AB-2839,1,1.36,"46, XX[20]",Chr3-WT,Chr3-WT,no,no,no alteration,0.029841557136715123,-0.3127104892464703,mRNA
TCGA et al. (LAML),TCGA-AB-2840,1,0.06,"46,XY,t(15;17)(q22;q21)[20]",Chr3-WT,Chr3-WT,no,no,no alteration,0.10929368902294001,-0.2420122731857136,mRNA
TCGA et al. (LAML),TCGA-AB-2841,1,3.88,"46,XX,t(15;17)(q22;q21)[20]",Chr3-WT,Chr3-WT,no,no,no alteration,0.007051942516490025,-0.33298917856684324,mRNA
TCGA et al. (LAML),TCGA-AB-2842,1,0.02,"46,XY,del(11)(p12)[2]/46,XY[18]",Chr3-WT,Chr3-WT,no,no,no alteration,5.013645376657523,4.121985356819241,mRNA
TCGA et al. (LAML),TCGA-AB-2843,1,0.52,"46,XY,del(20)(q11.2)[23]/92,XXYY,del(20)(q11.2)x2[2]/46,XY[3]",Chr3-WT,Chr3-WT,no,no,no alteration,0.04208395867125249,-0.30181693701264634,mRNA
TCGA et al. (LAML),TCGA-AB-2844,1,0.32,"46,XY,t(11;19)(q23;p13)[20]",Chr3-WT,Chr3-WT,no,no,no alteration,3.6196712404633216,2.881597184417654,mRNA
TCGA et al. (LAML),TCGA-AB-2845,1,0.78,"46, XX[20]",Chr3-WT,Chr3-WT,no,no,no alteration,0.007195501404203766,-0.3328614367804358,mRNA
TCGA et al. (LAML),TCGA-AB-2846,1,3.82,"46,XX,inv(16)(p13q22)[20]",Chr3-WT,Chr3-WT,no,no,no alteration,0.05213762333517526,-0.2928709699285883,mRNA
TCGA et al. (LAML),TCGA-AB-2847,1,4.39,"46,XY,del(7)(q21q36)[18]/46,XY[2]",Chr3-WT,Chr3-WT,no,no,no alteration,0.05477903151961949,-0.2905205881062867,mRNA
TCGA et al. (LAML),TCGA-AB-2848,1,1.21,"46, XY[20]",Chr3-WT,Chr3-WT,no,no,no alteration,0.010350188169567268,-0.33005432863560896,mRNA
TCGA et al. (LAML),TCGA-AB-2849,0,7.96,"47,XY,del(5)(q22q33),t(10;11)(p13~p15;q22~23),i(17)(q10)[3]/46,XY[17]",Chr3-WT,Chr3-WT,no,no,no alteration,0.1087586143609367,-0.2424883941300467,mRNA
TCGA et al. (LAML),TCGA-AB-2851,1,0.64,"46, XX[20]",Chr3-WT,Chr3-WT,no,no,no alteration,0.017779412561234692,-0.32344364496058714,mRNA
TCGA et al. (LAML),TCGA-AB-2853,1,0.26,"46,XY[20]",Chr3-WT,Chr3-WT,no,no,no alteration,0,-0.3392641487135573,mRNA
TCGA et al. (LAML),TCGA-AB-2854,1,0.92,"45,Xc,t(5;21)(q31;q22)[18]/45,idem,t(1;6)(?q21;p23)[1]/45,Xc[1]",Chr3-WT,Chr3-WT,no,no,no alteration,0.08990486842133553,-0.25926486283325634,mRNA
TCGA et al. (LAML),TCGA-AB-2855,1,0.6,"48,XY,+4,t(10;11)(p13;q21),del(12)(p11.2),+19[6]/48idem,-17,+i(17)(q10)[14]",Chr3-WT,Chr3-WT,no,no,no alteration,0.018634174139050975,-0.32268305972172373,mRNA
TCGA et al. (LAML),TCGA-AB-2856,1,0.44,"46,XY[20]",Chr3-WT,Chr3-WT,no,no,no alteration,0.01049341924845273,-0.3299268785405485,mRNA
TCGA et al. (LAML),TCGA-AB-2857,1,0.83,"42,XY,-5,-7,add(12)(p13),t(14;15)(q10;q10),der(17)t(5;17)(p13;p11.2),-18[6]/40,idem,-11,-add(12)(p13),der(12)t(?;12)(?;p13),-19[6]/41,idem,-der(17)[3]/41,idem,-der(17),+mar1,+mar[3]/41,idem,der(1)der(1)(p12)add(1)(p12),+der(1)(q21)add(1)(q21),-3,-8[2]",Chr3-WT,Chr3-WT,no,no,no alteration,1.1842802944193824,0.7145339325167116,mRNA
TCGA et al. (LAML),TCGA-AB-2858,1,1.6,"46,XX,t(8;21)[15]/46,idem,del(9)(q12q22)[5]",Chr3-WT,Chr3-WT,no,no,no alteration,0.05325038470225017,-0.29188081092736495,mRNA
TCGA et al. (LAML),TCGA-AB-2859,1,0.85,"46,XY[20]",Chr3-WT,Chr3-WT,no,no,no alteration,0.008343458529334968,-0.33183995983659204,mRNA
TCGA et al. (LAML),TCGA-AB-2860,1,1.13,"44,XX,t(4;11)(q21;q23),-5,-7,add(12)(q24),add(18)(q23),del(20)(q12)[3]/43,XX,del(3)(p12),der(3)t(3;3)(p21;q2?7),psu dic(5;7)(q13;p22),-10,-15,-17,add(18)(p11.2),-21,+22,+mar[cp14]/46,XX[3]",MECOM-R,MECOM-R,no,no,no alteration,0.21126144971296112,-0.15127916627779808,mRNA
TCGA et al. (LAML),TCGA-AB-2861,1,0.05,"47,XY+8 [15]/48,XY+8+8[4]/46,XY[1]",Chr3-WT,Chr3-WT,no,no,no alteration,0.10191895971107164,-0.24857446596647725,mRNA
TCGA et al. (LAML),TCGA-AB-2862,0,5.75,"46,XX[20]",Chr3-WT,Chr3-WT,no,no,no alteration,0.01049341924845273,-0.3299268785405485,mRNA
TCGA et al. (LAML),TCGA-AB-2863,1,0.1,"48,XY,+8,+8[16]/46,XY[4]",Chr3-WT,Chr3-WT,no,no,no alteration,0.02233230009805639,-0.31939238769238093,mRNA
TCGA et al. (LAML),TCGA-AB-2865,1,0.19,"47,XY,+21[11]/48,XY,+3,+21[8]",Add(3),Chr3-abn,yes,no,no alteration,0.009203827329839744,-0.33107438517036253,mRNA
TCGA et al. (LAML),TCGA-AB-2866,1,0.46,"46,XY[20]",Chr3-WT,Chr3-WT,no,no,no alteration,0,-0.3392641487135573,mRNA
TCGA et al. (LAML),TCGA-AB-2867,1,0.43,"46,XX[20]",Chr3-WT,Chr3-WT,no,no,no alteration,0,-0.3392641487135573,mRNA
TCGA et al. (LAML),TCGA-AB-2868,1,0.38,"46,XY,-5,+8,del(9)(q22),add(10)(q26),der(15;19)(q10;q10),add(17)(p11.2),-20,-21,add(21)(p11),add(22)(q13),+3mar[20]",Chr3-WT,Chr3-WT,no,no,no alteration,0.11729608565724152,-0.23489156851958984,mRNA
TCGA et al. (LAML),TCGA-AB-2869,0,2.26,"46, XX[20]",Chr3-WT,Chr3-WT,no,no,no alteration,0,-0.3392641487135573,mRNA
TCGA et al. (LAML),TCGA-AB-2870,1,0.38,"46,XY,inv(16)(p13q22)[9]/46,XY[10]",Chr3-WT,Chr3-WT,no,no,no alteration,0.038295698181544525,-0.30518781268630757,mRNA
TCGA et al. (LAML),TCGA-AB-2871,0,1.88,"46, XY[20]",Chr3-WT,Chr3-WT,no,no,no alteration,0,-0.3392641487135573,mRNA
TCGA et al. (LAML),TCGA-AB-2872,0,3.62,"46,XY,del(9)(q13:q22),t(11:21)(p13;q22),t(15;17)(q22;q210[20]",Chr3-WT,Chr3-WT,no,no,no alteration,0.10205338272918787,-0.24845485347336085,mRNA
TCGA et al. (LAML),TCGA-AB-2873,0,2.72,"46, XX[20]",Chr3-WT,Chr3-WT,no,no,no alteration,0.1779815563133707,-0.1808923313142308,mRNA
TCGA et al. (LAML),TCGA-AB-2874,0,2.93,"45,XY,-7[20]",Chr3-WT,Chr3-WT,no,no,no alteration,0,-0.3392641487135573,mRNA
TCGA et al. (LAML),TCGA-AB-2875,0,2.31,"45,X,-Y,t(8;21)(q22;q22)[19]/46,XY[1]",Chr3-WT,Chr3-WT,no,no,no alteration,0.015069321717648201,-0.3258551420904379,mRNA
TCGA et al. (LAML),TCGA-AB-2876,0,4.92,"46,XX,1~50dmin[12]/46,idem,der(6)t(6;?)(q22;?)[2]/46,XX[6]",Chr3-WT,Chr3-WT,no,no,no alteration,0.0093471722592526,-0.3309468337686537,mRNA
TCGA et al. (LAML),TCGA-AB-2877,0,3.45,"46,XX,9qh+[20]",Chr3-WT,Chr3-WT,no,no,no alteration,0,-0.3392641487135573,mRNA
TCGA et al. (LAML),TCGA-AB-2878,1,1.02,"39~47,XX,del(5)(q13q33),-7,der(8)t(8;?8;8)(p23;?p11.2p23;q11.2),der(14)t(1;14)(p12;p11.2)der(1)t(7;16)(p15;q22),+2mar[cp19]",Chr3-WT,Chr3-WT,no,no,no alteration,0.12446048627433613,-0.2285165307358524,mRNA
TCGA et al. (LAML),TCGA-AB-2879,0,2.66,"46, XX[20]",Chr3-WT,Chr3-WT,no,no,no alteration,0.008630305143440056,-0.3315847175489548,mRNA
TCGA et al. (LAML),TCGA-AB-2880,1,1.71,"46, XY[20]",Chr3-WT,Chr3-WT,no,no,no alteration,0,-0.3392641487135573,mRNA
TCGA et al. (LAML),TCGA-AB-2881,0,2.48,"46,XX,inv(16)(p13q22)[19]/46,XX[1]",Chr3-WT,Chr3-WT,no,no,no alteration,0.053945424962785246,-0.291262349152411,mRNA
TCGA et al. (LAML),TCGA-AB-2882,1,0.92,"45,XX,-7[12]/46,XX[8]",Chr3-WT,Chr3-WT,no,no,no alteration,0.41619119389521425,0.031071728374336884,mRNA
TCGA et al. (LAML),TCGA-AB-2883,0,3.93,"52~54,XY,+2,+4,+6,+8,del(11)(q23),+19,+19,+21[17]/46,XY[3]",Chr3-WT,Chr3-WT,no,no,no alteration,2.632570684363265,2.0032538759109864,mRNA
TCGA et al. (LAML),TCGA-AB-2884,1,2.07,"46, XX[19]",Chr3-WT,Chr3-WT,no,no,no alteration,0.003314388506677012,-0.33631493452393824,mRNA
TCGA et al. (LAML),TCGA-AB-2885,1,0.58,"43,XY-3,del(5)(q12q33),-7,der(10)t(10;11)(q26;q13),-12,-18,+2mar[20]",Del(3),Chr3-abn,yes,no,no alteration,0,-0.3392641487135573,mRNA
TCGA et al. (LAML),TCGA-AB-2886,0,2.45,"45,X,-Y,t(8;21)(q22;q22)[13]/45,idem,del(9)(q22;q32)[7]",Chr3-WT,Chr3-WT,no,no,no alteration,0,-0.3392641487135573,mRNA
TCGA et al. (LAML),TCGA-AB-2887,1,1.45,"46,XX,del(7)(q11.2)[20]",Chr3-WT,Chr3-WT,no,no,no alteration,0.01335505866906758,-0.3273805302268705,mRNA
TCGA et al. (LAML),TCGA-AB-2888,0,2.79,Outside hospital with inv(16),Chr3-WT,Chr3-WT,no,no,no alteration,0.04250426312896344,-0.3014429410649341,mRNA
TCGA et al. (LAML),TCGA-AB-2889,0,2.86,"46,XY,inv(16)(p13;q22)[20]",Chr3-WT,Chr3-WT,no,no,no alteration,0.026304324351908496,-0.31585799506841045,mRNA
TCGA et al. (LAML),TCGA-AB-2890,1,0.04,"47,XY,+9[10]/46,XY[10]",Chr3-WT,Chr3-WT,no,no,no alteration,0,-0.3392641487135573,mRNA
TCGA et al. (LAML),TCGA-AB-2891,1,1.79,"45,XY,der(7)(t:7;12)(p11.1;p11.2),-12,-13,+mar[19]/46,XY[1]",Chr3-WT,Chr3-WT,no,no,no alteration,0.0404015152842066,-0.3033140113297671,mRNA
TCGA et al. (LAML),TCGA-AB-2892,0,4.94,"46,XX,inv(16)(p13q22)[15]/46,XX[2]",Chr3-WT,Chr3-WT,no,no,no alteration,0.040541793862846835,-0.3031891884329365,mRNA
TCGA et al. (LAML),TCGA-AB-2893,1,0.55,"46,XY,t(6;11)(q27;q23)[15]",Chr3-WT,Chr3-WT,no,no,no alteration,2.129975344419289,1.5560337310145447,mRNA
TCGA et al. (LAML),TCGA-AB-2894,1,0.47,"45,XX,-7,t(9;11)(p22;q23)[19]/46,XX[1]",Chr3-WT,Chr3-WT,no,no,no alteration,0.10996225339881809,-0.24141737022245469,mRNA
TCGA et al. (LAML),TCGA-AB-2895,1,0.48,NA,NA,NA,NA,no,no alteration,0,-0.3392641487135573,mRNA
TCGA et al. (LAML),TCGA-AB-2896,1,0.62,"46,XX[15]",Chr3-WT,Chr3-WT,no,no,no alteration,0,-0.3392641487135573,mRNA
TCGA et al. (LAML),TCGA-AB-2897,0,2.54,"46,XX,t(15;17)(q22;q21),t(16;19)(p13.3;p13.1)[17]/46,XX[3]",Chr3-WT,Chr3-WT,no,no,no alteration,0.09180136921767433,-0.25757731562872116,mRNA
TCGA et al. (LAML),TCGA-AB-2898,0,3.01,"47,XX+8 [20]",Chr3-WT,Chr3-WT,no,no,no alteration,0.030265442857669595,-0.3123333066136868,mRNA
TCGA et al. (LAML),TCGA-AB-2899,1,1.86,"46,XX+13,21[cp17]/46,XX[3]",Chr3-WT,Chr3-WT,no,no,no alteration,0.08188496672922738,-0.26640114387637076,mRNA
TCGA et al. (LAML),TCGA-AB-2900,1,0.52,"46,XY[20]",Chr3-WT,Chr3-WT,no,no,no alteration,0,-0.3392641487135573,mRNA
TCGA et al. (LAML),TCGA-AB-2901,0,0.88,"46,XY,t(9;22)(q34;q11.2[4]/50,idem,+8,+10,+21,+der(22)(t(9;22)(q34;q11.2)[16]",Chr3-WT,Chr3-WT,no,no,no alteration,0.017779412561234692,-0.32344364496058714,mRNA
TCGA et al. (LAML),TCGA-AB-2903,1,0.03,"46,XX[20]",Chr3-WT,Chr3-WT,no,no,no alteration,0,-0.3392641487135573,mRNA
TCGA et al. (LAML),TCGA-AB-2904,1,1.43,"46~50,XY,-1,del(2),del(5)(q22q33),der(7)t(1;7)(q21;p13),add(7)(p11.1),+8,+add(11),del(12)(p12),del(13)(q22), 15,add(17)(p11.1),-20,+22 {cp20}Complex Cytogenetics , including 5q-,+8,",Chr3-WT,Chr3-WT,no,no,no alteration,0.01049341924845273,-0.3299268785405485,mRNA
TCGA et al. (LAML),TCGA-AB-2908,1,0.12,"46~49,XY,del(3)(p14),del(5)(p11.2q33),del(17)(q21q21),add(21)(p11.2),+22,mar[cp20]",Del(3),Chr3-abn,yes,no,no alteration,0.08841300972672499,-0.26059235079134824,mRNA
TCGA et al. (LAML),TCGA-AB-2909,0,2.18,"46, XY[20]",Chr3-WT,Chr3-WT,no,no,no alteration,0,-0.3392641487135573,mRNA
TCGA et al. (LAML),TCGA-AB-2910,1,0,"47,XX,+der(5)t(2;5)(p11.2;q11.2)?,t(8;16)(p11.2;p13.3)[19]",Chr3-WT,Chr3-WT,no,no,no alteration,0.017921907997262315,-0.3233168494563661,mRNA
TCGA et al. (LAML),TCGA-AB-2911,0,5.1,"44~46,XX,del(11)(q23),der(19)?t(11;19)(q23;p13.1)[cp11]/44~45,XX,-19[cp4]/46,XX [5]",Chr3-WT,Chr3-WT,no,no,no alteration,3.7394160934010285,2.988148730413631,mRNA
TCGA et al. (LAML),TCGA-AB-2912,1,0.7,"47,XY,+8[15]/46,+8,-17[3]",Chr3-WT,Chr3-WT,no,no,no alteration,0.2347465517443222,-0.1303816172982477,mRNA
TCGA et al. (LAML),TCGA-AB-2913,0,4.38,"47,XY,+8 [19]",Chr3-WT,Chr3-WT,no,no,no alteration,0,-0.3392641487135573,mRNA
TCGA et al. (LAML),TCGA-AB-2914,0,4.02,"46,XX,inv(16)(p13q22)[5]/46,idem,t(3;3)(p13;q?28)[5]/46,XX[6]",MECOM-R,MECOM-R,no,no,no alteration,0.011495638837829437,-0.3290350819910041,mRNA
TCGA et al. (LAML),TCGA-AB-2915,1,0.04,"46,XX,del(3)(q23q26.2),der(7)t(1:7)(q32;q32),del(10)(q22q25),t(13;16)(q34;p11.2)dup(21)(q22)[cp20]",atypical MECOM-R,MECOM-R,no,yes,RUNX1(+)EVI1(+) fusion (Unknown frame),4.441443640251993,3.612827943036213,mRNA
TCGA et al. (LAML),TCGA-AB-2916,0,3.78,"47,XX+11 [20]",Chr3-WT,Chr3-WT,no,no,no alteration,0.9751899375618477,0.5284808352064603,mRNA
TCGA et al. (LAML),TCGA-AB-2917,0,4.77,"46,XX,i(17)(q10)[1]/45,sl-7[2]/48,sl,+13,+19[3]/46,XX[15]",Chr3-WT,Chr3-WT,no,no,no alteration,4.4493500719943215,3.6198632560771418,mRNA
TCGA et al. (LAML),TCGA-AB-2918,1,0.62,"47,XX+8 [20]",Chr3-WT,Chr3-WT,no,no,no alteration,0.007051942516490025,-0.33298917856684324,mRNA
TCGA et al. (LAML),TCGA-AB-2919,0,2.23,"46, XX[19]",Chr3-WT,Chr3-WT,no,no,no alteration,0.007482576331206196,-0.3326059913350712,mRNA
TCGA et al. (LAML),TCGA-AB-2920,1,0.98,"45~46,XY,add(X)(q22)[7],Y[4],der(5)t(5;17)(q13;21)[18],-7[18],+8[17],del(12)(q23)[16],-17[18],add(18)(p11.2)[14][cp18]",Chr3-WT,Chr3-WT,no,no,no alteration,0,-0.3392641487135573,mRNA
TCGA et al. (LAML),TCGA-AB-2921,1,0.67,"46, XX[20]",Chr3-WT,Chr3-WT,no,no,no alteration,0,-0.3392641487135573,mRNA
TCGA et al. (LAML),TCGA-AB-2924,0,2.17,"46, XY[20]",Chr3-WT,Chr3-WT,no,no,no alteration,0,-0.3392641487135573,mRNA
TCGA et al. (LAML),TCGA-AB-2925,1,0.66,"46, XY[20]",Chr3-WT,Chr3-WT,no,no,no alteration,0.00963381939726868,-0.3306917689791314,mRNA
TCGA et al. (LAML),TCGA-AB-2927,1,0.2,"46, XX[20]",Chr3-WT,Chr3-WT,no,no,no alteration,0.25785546411515703,-0.10981880997091369,mRNA
TCGA et al. (LAML),TCGA-AB-2928,1,0.33,"45,XX,-7[20]",Chr3-WT,Chr3-WT,no,no,no alteration,0,-0.3392641487135573,mRNA
TCGA et al. (LAML),TCGA-AB-2929,1,0.38,"41~44,X,?i(X)(p10),-7,der(12)t(8;12)(q11.2;p11.2),-8 [cp11]/46,XX[8[",Chr3-WT,Chr3-WT,no,no,no alteration,6.158583434207572,5.1407758693855925,mRNA
TCGA et al. (LAML),TCGA-AB-2930,1,0.59,"46, XX[20]",Chr3-WT,Chr3-WT,no,no,no alteration,0.006190289072069835,-0.3337558963368629,mRNA
TCGA et al. (LAML),TCGA-AB-2931,1,0.01,"46,XY,9qh+[19]",Chr3-WT,Chr3-WT,no,no,no alteration,0.006621180122379962,-0.33337248021132593,mRNA
TCGA et al. (LAML),TCGA-AB-2932,0,3.51,"46, XY[20]",Chr3-WT,Chr3-WT,no,no,no alteration,0.018349309878891815,-0.3229365380681772,mRNA
TCGA et al. (LAML),TCGA-AB-2933,1,0.38,"46,XY,i(17)(q10)[15]/47,XY,idem+13[3]/46,XY[2]",Chr3-WT,Chr3-WT,no,no,no alteration,1.1500396927741532,0.6840659086173502,mRNA
TCGA et al. (LAML),TCGA-AB-2934,0,0.55,"46,XY[15]",Chr3-WT,Chr3-WT,no,no,no alteration,0,-0.3392641487135573,mRNA
TCGA et al. (LAML),TCGA-AB-2935,1,0.13,"44~47,XY,del(5)(q22q35)[20],-7[14],-8[6],der(12)t(10;12)(p11.2q21)[2],add(14)(p12)[11],-17[13],der(17)t(10;17)(q11.2;p13)[14],-18[7],add(18)(p11.2)[7],-21[10],i(21)(q10)[4],-22[4],+mar[10],+mar1x2[6][cp20]",Chr3-WT,Chr3-WT,no,no,no alteration,0.05769286716834593,-0.28792779446603306,mRNA
TCGA et al. (LAML),TCGA-AB-2936,0,1.15,"46, XX[20]",Chr3-WT,Chr3-WT,no,no,no alteration,0.09004041547277068,-0.25914425015111353,mRNA
TCGA et al. (LAML),TCGA-AB-2937,1,0.67,"46,XX,t(8;21)(q22;q22)[20]",Chr3-WT,Chr3-WT,no,no,no alteration,0,-0.3392641487135573,mRNA
TCGA et al. (LAML),TCGA-AB-2938,1,0.83,"45,X,-Y[3]/46,XY [17]",Chr3-WT,Chr3-WT,no,no,no alteration,1.867738351762688,1.3226896139239146,mRNA
TCGA et al. (LAML),TCGA-AB-2939,0,3.07,"37~49,XY,+Y,der(1)add(1)(p13)del(1)(q21q25),-5,der(7)inv(7)(p15q11.2)?inv(7)(q22q32),+17,add(17)(p13),+21,+mar[cp20]",Chr3-WT,Chr3-WT,no,no,no alteration,0.0475383887633606,-0.29696346778551025,mRNA
TCGA et al. (LAML),TCGA-AB-2940,1,4.62,"47,XY,+21 [6]/46,XY[13]",Chr3-WT,Chr3-WT,no,no,no alteration,0.041943829970167254,-0.3019416265452044,mRNA
TCGA et al. (LAML),TCGA-AB-2941,1,0.02,"46,XY,t(9;22)(q34;q11.2)[13]/34~37,idem,-3,del(4),-4,-5,-7,-9,-10,t?(11;12),-12,-14,-14,-16,-17,-22[cp6]/46,XY[1]",Del(3),Chr3-abn,yes,no,no alteration,2.227248183780733,1.642589195931037,mRNA
TCGA et al. (LAML),TCGA-AB-2942,0,3.62,"46,XX,inv(16)(p13q22)[19]/46,XX[1]",Chr3-WT,Chr3-WT,no,no,no alteration,0,-0.3392641487135573,mRNA
TCGA et al. (LAML),TCGA-AB-2943,1,0.35,"46,XX,del(5)(q11.2q33)[1]/48~52,idem,+1,+?del(5)(q15q33),+11,+11,?t(12;22)(p13;q12),-13,-17,+i(22)(q10),+i(22)(q10),+mar[cp19]",Chr3-WT,Chr3-WT,no,no,no alteration,0.03294716409912902,-0.30994705336607203,mRNA
TCGA et al. (LAML),TCGA-AB-2944,1,0.2,"45,XX-7[5]-only 5 metaphases",MECOM-R,MECOM-R,no,yes,RPN1(+)EVI1(+) fusion (Out-of-frame),6.393362997708275,5.3496877753718515,mRNA
TCGA et al. (LAML),TCGA-AB-2946,0,2.03,NA,NA,NA,NA,no,no alteration,0.06653700239579126,-0.2800580926929472,mRNA
TCGA et al. (LAML),TCGA-AB-2948,1,1.51,"46,XY[13]",Chr3-WT,Chr3-WT,no,no,no alteration,0.02772025835592744,-0.31459806653323596,mRNA
TCGA et al. (LAML),TCGA-AB-2949,0,2.72,"47,XY,+22[10]/47,XY,+8[7]/45,XY,del(3)(p21),del(4)(p12p15),-7,?dup(7)(q11.2q36)[3]",Del(3),Chr3-abn,yes,no,no alteration,0.003170442880128181,-0.33644302043888036,mRNA
TCGA et al. (LAML),TCGA-AB-2950,0,3.36,"45,X,-X,t(8;21)(q22;q22)[20]",Chr3-WT,Chr3-WT,no,no,no alteration,0.0692897127155347,-0.27760867183641713,mRNA
TCGA et al. (LAML),TCGA-AB-2952,1,0.16,"44~47,XX,t(1;15)(q32;q26)[14],del(5)(q13q33)[19],-7[20],+8[7],del(12)(p11.2p11.2)[15],del(17)(q21)[8],der(22)t(1;22)(p13;p11.2)[20],+mar[13][cp20]",Chr3-WT,Chr3-WT,no,no,no alteration,0.0775164697020952,-0.27028832650259943,mRNA
TCGA et al. (LAML),TCGA-AB-2954,0,5.69,"46,XX,del(16)(q22)[16]/47,XX,del(16)(q22),+22[8]/47,XX,+22[2]/46,XX[4]",Chr3-WT,Chr3-WT,no,no,no alteration,0,-0.3392641487135573,mRNA
TCGA et al. (LAML),TCGA-AB-2955,1,1.37,"46,XX[20]",Chr3-WT,Chr3-WT,no,no,no alteration,0,-0.3392641487135573,mRNA
TCGA et al. (LAML),TCGA-AB-2956,1,0.48,"46,XY,t(9;11)(p22;q23)[7]/47,XY,t(9;11)(p22;q23)[7]/46,XY[4]",Chr3-WT,Chr3-WT,no,no,no alteration,0.007339046008161997,-0.3327337077040213,mRNA
TCGA et al. (LAML),TCGA-AB-2959,1,1.28,"47,XY,+13[5]/46,XY[15]",Chr3-WT,Chr3-WT,no,no,no alteration,0.02856915219677092,-0.3138427025329529,mRNA
TCGA et al. (LAML),TCGA-AB-2963,1,4.49,"46, XY[20]",Chr3-WT,Chr3-WT,no,no,no alteration,0,-0.3392641487135573,mRNA
TCGA et al. (LAML),TCGA-AB-2964,0,4.96,"46, XX[19]",Chr3-WT,Chr3-WT,no,no,no alteration,0.03125402547050081,-0.3114536445392199,mRNA
TCGA et al. (LAML),TCGA-AB-2965,1,0.94,"46, XY[15]",Chr3-WT,Chr3-WT,no,no,no alteration,0.013926706042921724,-0.3268718660968107,mRNA
TCGA et al. (LAML),TCGA-AB-2966,1,2.37,"46, XX[15]",Chr3-WT,Chr3-WT,no,no,no alteration,0.02687086472474519,-0.3153538752577135,mRNA
TCGA et al. (LAML),TCGA-AB-2967,0,4.71,"46, XY[18]",Chr3-WT,Chr3-WT,no,no,no alteration,0.0585243118408003,-0.28718795711113465,mRNA
TCGA et al. (LAML),TCGA-AB-2969,0,5.19,"46, XY[15]",Chr3-WT,Chr3-WT,no,no,no alteration,0.0076260923761779465,-0.33247828767105714,mRNA
TCGA et al. (LAML),TCGA-AB-2970,1,0.89,"46, XX[20]",Chr3-WT,Chr3-WT,no,no,no alteration,0.04739878887541106,-0.2970876867687648,mRNA
TCGA et al. (LAML),TCGA-AB-2971,1,2.15,"46,XX[20]",Chr3-WT,Chr3-WT,no,no,no alteration,0.011495638837829437,-0.3290350819910041,mRNA
TCGA et al. (LAML),TCGA-AB-2972,1,0.12,"46, XX[20]",Chr3-WT,Chr3-WT,no,no,no alteration,0.023468280503905366,-0.31838156789098776,mRNA
TCGA et al. (LAML),TCGA-AB-2973,1,1.71,"46, XX[16]",Chr3-WT,Chr3-WT,no,no,no alteration,0.08773438181972541,-0.2611962085010774,mRNA
TCGA et al. (LAML),TCGA-AB-2975,1,2.83,"46,XY[19]",Chr3-WT,Chr3-WT,no,no,no alteration,0,-0.3392641487135573,mRNA
TCGA et al. (LAML),TCGA-AB-2976,1,2.5,"46,XY[20]",Chr3-WT,Chr3-WT,no,no,no alteration,0.005040616700530137,-0.3347788995438579,mRNA
TCGA et al. (LAML),TCGA-AB-2977,1,0.07,"46, XX[14]",Chr3-WT,Chr3-WT,no,no,no alteration,0,-0.3392641487135573,mRNA
TCGA et al. (LAML),TCGA-AB-2978,0,3.73,"46, XX[20]",Chr3-WT,Chr3-WT,no,no,no alteration,0.3208889803317762,-0.053730231316621094,mRNA
TCGA et al. (LAML),TCGA-AB-2979,0,3.92,"46, XX[20]",Chr3-WT,Chr3-WT,no,no,no alteration,0.023042392665863817,-0.3187605320506232,mRNA
TCGA et al. (LAML),TCGA-AB-2980,0,3.96,"46,XY,t(15;17)(q22;q21)[20]",Chr3-WT,Chr3-WT,no,no,no alteration,0.32146635859253,-0.0532164677201199,mRNA
TCGA et al. (LAML),TCGA-AB-2981,0,3.7,"46, XX[20]",Chr3-WT,Chr3-WT,no,no,no alteration,0.003458319772411079,-0.336186861387558,mRNA
TCGA et al. (LAML),TCGA-AB-2982,0,3.09,"46,XX,t(15;17)(q22;q21)[12]/46,XX[8]",Chr3-WT,Chr3-WT,no,no,no alteration,0.23106369991227277,-0.13365869808086075,mRNA
TCGA et al. (LAML),TCGA-AB-2983,1,0.93,"46,XY[20]",Chr3-WT,Chr3-WT,no,no,no alteration,0.03421571533791298,-0.3088182691857795,mRNA
TCGA et al. (LAML),TCGA-AB-2984,0,5.94,"46,XY[20]",Chr3-WT,Chr3-WT,no,no,no alteration,0,-0.3392641487135573,mRNA
TCGA et al. (LAML),TCGA-AB-2985,1,0.77,"46,XX[20]",Chr3-WT,Chr3-WT,no,no,no alteration,3.516733793311456,2.790001229636898,mRNA
TCGA et al. (LAML),TCGA-AB-2986,1,0.55,"46, XX[20]",Chr3-WT,Chr3-WT,no,no,no alteration,0,-0.3392641487135573,mRNA
TCGA et al. (LAML),TCGA-AB-2987,1,0.52,"46,XX[18]",Chr3-WT,Chr3-WT,no,no,no alteration,0.070389327891398,-0.27663021059892384,mRNA
TCGA et al. (LAML),TCGA-AB-2988,1,0.07,"46, XX[20]",Chr3-WT,Chr3-WT,no,no,no alteration,0,-0.3392641487135573,mRNA
TCGA et al. (LAML),TCGA-AB-2990,0,3.51,"46, XY[20]",Chr3-WT,Chr3-WT,no,no,no alteration,0.03590538374212795,-0.3073147658929631,mRNA
TCGA et al. (LAML),TCGA-AB-2991,0,7.36,"46,XX,t(15;17)(q22;q21.1)[19]/47,idem,+8 [1]",Chr3-WT,Chr3-WT,no,no,no alteration,0.05380644369579382,-0.29138601767342975,mRNA
TCGA et al. (LAML),TCGA-AB-2992,1,4.69,"46, XX[20]",Chr3-WT,Chr3-WT,no,no,no alteration,0.37862259552722705,-0.0023576185980411293,mRNA
TCGA et al. (LAML),TCGA-AB-2993,1,2.05,"46,XX[20]",Chr3-WT,Chr3-WT,no,no,no alteration,0.019630756335508422,-0.3217962794456659,mRNA
TCGA et al. (LAML),TCGA-AB-2994,0,6.96,"46,XY,t(15;17)(q22;q21)[20]",Chr3-WT,Chr3-WT,no,no,no alteration,0.018776585179183593,-0.32255633931478556,mRNA
TCGA et al. (LAML),TCGA-AB-2995,0,6.13,"46,XY[20]",Chr3-WT,Chr3-WT,no,no,no alteration,3.393484846299402,2.6803316653564,mRNA
TCGA et al. (LAML),TCGA-AB-2996,0,6.08,"46, XY[20]",Chr3-WT,Chr3-WT,no,no,no alteration,0.08460857531780949,-0.26397761836624034,mRNA
TCGA et al. (LAML),TCGA-AB-2998,1,0.08,"46,XX,t(15;17)(q22;q21)[20]",Chr3-WT,Chr3-WT,no,no,no alteration,0,-0.3392641487135573,mRNA
TCGA et al. (LAML),TCGA-AB-2999,0,6.94,"46,XY,t(15;17)(q22:q21)[11]/46,XY[9]",Chr3-WT,Chr3-WT,no,no,no alteration,0.08651204657428184,-0.2622838686963356,mRNA
TCGA et al. (LAML),TCGA-AB-3000,0,5.64,"46, XY[20]",Chr3-WT,Chr3-WT,no,no,no alteration,0,-0.3392641487135573,mRNA
TCGA et al. (LAML),TCGA-AB-3001,0,6.35,"46,XX,t(15;17)(q22;q21)[11]/46,XX[9]",Chr3-WT,Chr3-WT,no,no,no alteration,0.12220886170022928,-0.23052007471697392,mRNA
TCGA et al. (LAML),TCGA-AB-3002,1,3.9,"46, XY[20]",Chr3-WT,Chr3-WT,no,no,no alteration,0.04893364519792244,-0.29572193859643736,mRNA
TCGA et al. (LAML),TCGA-AB-3005,0,8.38,"46,XY[20]",Chr3-WT,Chr3-WT,no,no,no alteration,0.048375704538976265,-0.29621840619672457,mRNA
TCGA et al. (LAML),TCGA-AB-3006,1,1.29,"46,XY[20]",Chr3-WT,Chr3-WT,no,no,no alteration,0.016924144257821412,-0.324204681094787,mRNA
TCGA et al. (LAML),TCGA-AB-3007,0,6.32,"47,XY,del(7)(q22),+8,t(15;17)(q22;q21)[18]/46,XY,del(7)(q22),t(15;17)(q22;q21)[2]",Chr3-WT,Chr3-WT,no,no,no alteration,0.030830430153274503,-0.3118305687645192,mRNA
TCGA et al. (LAML),TCGA-AB-3008,1,2.25,"46,XY[30]",Chr3-WT,Chr3-WT,no,no,no alteration,0.08256635107141173,-0.26579483343132,mRNA
TCGA et al. (LAML),TCGA-AB-3009,1,1.58,"46,XY[20]",Chr3-WT,Chr3-WT,no,no,no alteration,0.04851520993393956,-0.29609427129536187,mRNA
TCGA et al. (LAML),TCGA-AB-3011,0,6.82,"46, XX[20]",Chr3-WT,Chr3-WT,no,no,no alteration,0.04460395064976797,-0.29957459394218494,mRNA
TCGA et al. (LAML),TCGA-AB-3012,0,7.22,"46,XY,t(15;17)(q22;q21)[19]/46,XY[1]",Chr3-WT,Chr3-WT,no,no,no alteration,0.13500944135116105,-0.2191298435881173,mRNA
